"Chrom","Position","Reference","Alternate","cHGVS","pHGVS","gHGVS","Annotation","Splice Change","European (n=7325)","African (n=2559)","Overall Frequency"
"17","41247941","T","G","c.594-2A>C","","17:41247941 T > G","splice","acceptor:2","1","0","0.000101"
"17","41245722","TTC","","c.1824_1826del","p.608_609del","17:41245722 TTC","inframe deletion","","1","0","0.000101"
"17","41245700","AGA","","c.1846_1848del","p.616_616del","17:41245700 AGA","inframe deletion","","2","13","0.00152"
"17","41244219","TTT","","c.3327_3329del","p.1109_1110del","17:41244219 TTT","inframe deletion","","1","0","0.000101"
"17","41243573","C","","c.3975delG","p.R1325fs","17:41243573 C","frameshift deletion","","1","0","0.000101"
"17","41215951","CA","","c.5091_5092del","p.C1697fs","17:41215951 CA","frameshift deletion","","1","0","0.000101"
"17","41197691","G","A","c.*4C>T","","17:41197691 G > A","3' UTR","","1","0","0.000101"
"17","41197675","G","A","c.*20C>T","","17:41197675 G > A","3' UTR","","2","0","0.000202"
"17","41197603","T","G","c.*92A>C","","17:41197603 T > G","3' UTR","","2","0","0.000202"
"17","41197596","G","T","c.*99C>A","","17:41197596 G > T","3' UTR","","0","1","0.000101"
"17","41197589","G","A","c.*106C>T","","17:41197589 G > A","3' UTR","","1","3","0.000405"
"17","41197540","A","G","c.*155T>C","","17:41197540 A > G","3' UTR","","0","1","0.000101"
"17","41197509","C","T","c.*186G>A","","17:41197509 C > T","3' UTR","","3","0","0.000304"
"17","41197486","T","A","c.*209A>T","","17:41197486 T > A","3' UTR","","0","1","0.000101"
"17","41197467","T","C","c.*228A>G","","17:41197467 T > C","3' UTR","","1","16","0.00172"
"17","41197465","A","G","c.*230T>C","","17:41197465 A > G","3' UTR","","1","0","0.000101"
"17","41197458","G","A","c.*237C>T","","17:41197458 G > A","3' UTR","","1","0","0.000101"
"17","41197431","G","A","c.*264C>T","","17:41197431 G > A","3' UTR","","0","4","0.000405"
"17","41197404","G","A","c.*291C>T","","17:41197404 G > A","3' UTR","","1","0","0.000101"
"17","41197338","C","G","c.*357G>C","","17:41197338 C > G","3' UTR","","1","0","0.000101"
"17","41197309","G","C","c.*386C>G","","17:41197309 G > C","3' UTR","","1","0","0.000101"
"17","41197306","TTAGGGAAACCAGCTA","","c.*389_*374delTAGCTGGTTTCCCTAA","","17:41197306 TTAGGGAAACCAGCTA","3' UTR","","3","0","0.000304"
"17","41197288","G","A","c.*407C>T","","17:41197288 G > A","3' UTR","","0","1","0.000101"
"17","41197274","C","A","c.*421G>T","","17:41197274 C > A","3' UTR","","3982","826","0.486"
"17","41197253","T","C","c.*442A>G","","17:41197253 T > C","3' UTR","","1","0","0.000101"
"17","41197240","C","T","c.*455G>A","","17:41197240 C > T","3' UTR","","1","0","0.000101"
"17","41197229","T","C","c.*466A>G","","17:41197229 T > C","3' UTR","","0","1","0.000101"
"17","41197210","C","T","c.*485G>A","","17:41197210 C > T","3' UTR","","11","3","0.00142"
"17","41197179","T","A","c.*516A>T","","17:41197179 T > A","3' UTR","","0","1","0.000101"
"17","41197170","A","G","c.*525T>C","","17:41197170 A > G","3' UTR","","1","0","0.000101"
"17","41197162","C","A","c.*533G>T","","17:41197162 C > A","3' UTR","","0","1","0.000101"
"17","41197159","T","C","c.*536A>G","","17:41197159 T > C","3' UTR","","0","1","0.000101"
"17","41197133","T","C","c.*562A>G","","17:41197133 T > C","3' UTR","","1","2","0.000304"
"17","41197101","G","A","c.*594C>T","","17:41197101 G > A","3' UTR","","4","0","0.000405"
"17","41197100","C","T","c.*595G>A","","17:41197100 C > T","3' UTR","","0","1","0.000101"
"17","41197064","G","A","c.*631C>T","","17:41197064 G > A","3' UTR","","0","1","0.000101"
"17","41197058","T","C","c.*637A>G","","17:41197058 T > C","3' UTR","","1","0","0.000101"
"17","41197040","C","T","c.*655G>A","","17:41197040 C > T","3' UTR","","2","7","0.000911"
"17","41196981","C","T","c.*714G>A","","17:41196981 C > T","3' UTR","","0","1","0.000101"
"17","41196961","C","T","c.*734G>A","","17:41196961 C > T","3' UTR","","1","0","0.000101"
"17","41196913","C","T","c.*782G>A","","17:41196913 C > T","3' UTR","","1","0","0.000101"
"17","41196895","A","G","c.*800T>C","","17:41196895 A > G","3' UTR","","1","0","0.000101"
"17","41196821","","T","c.*873_*874insA","","17:41196821 > T","3' UTR","","3","33","0.00364"
"17","41196808","T","C","c.*887A>G","","17:41196808 T > C","3' UTR","","0","1","0.000101"
"17","41196800","A","G","c.*895T>C","","17:41196800 A > G","3' UTR","","2","16","0.00182"
"17","41196767","G","A","c.*928C>T","","17:41196767 G > A","3' UTR","","3","0","0.000304"
"17","41196738","TCT","","c.*957_*955delAGA","","17:41196738 TCT","3' UTR","","1","0","0.000101"
"17","41196689","T","C","c.*1006A>G","","17:41196689 T > C","3' UTR","","1","0","0.000101"
"17","41196680","T","C","c.*1015A>G","","17:41196680 T > C","3' UTR","","2","0","0.000202"
"17","41196669","A","G","c.*1026T>C","","17:41196669 A > G","3' UTR","","1","0","0.000101"
"17","41196609","T","G","c.*1086A>C","","17:41196609 T > G","3' UTR","","1","0","0.000101"
"17","41196596","C","A","c.*1099G>T","","17:41196596 C > A","3' UTR","","0","1","0.000101"
"17","41196460","","ATGGGTTT","c.*1234_*1235insAAACCCAT","","17:41196460 > ATGGGTTT","3' UTR","","1","0","0.000101"
"17","41196447","A","C","c.*1248T>G","","17:41196447 A > C","3' UTR","","0","1","0.000101"
"17","41196414","G","C","c.*1281C>G","","17:41196414 G > C","3' UTR","","0","1","0.000101"
"17","41196414","G","A","c.*1281C>T","","17:41196414 G > A","3' UTR","","2","0","0.000202"
"17","41196409","G","C","c.*1286C>G","","17:41196409 G > C","3' UTR","","0","1","0.000101"
"17","41196407","","G","c.*1287_*1288insC","","17:41196407 > G","3' UTR","","1","0","0.000101"
"17","41196408","G","A","c.*1287C>T","","17:41196408 G > A","3' UTR","","4018","1059","0.514"
"17","41196397","C","G","c.*1298G>C","","17:41196397 C > G","3' UTR","","0","1","0.000101"
"17","41196389","T","C","c.*1306A>G","","17:41196389 T > C","3' UTR","","1","0","0.000101"
"17","41196388","C","T","c.*1307G>A","","17:41196388 C > T","3' UTR","","0","1","0.000101"
"17","41196380","A","G","c.*1315T>C","","17:41196380 A > G","3' UTR","","0","1","0.000101"
"17","41196375","T","G","c.*1320A>C","","17:41196375 T > G","3' UTR","","0","1","0.000101"
"17","41196372","T","C","c.*1323A>G","","17:41196372 T > C","3' UTR","","2","15","0.00172"
"17","41196363","C","T","c.*1332G>A","","17:41196363 C > T","3' UTR","","214","17","0.0234"
"17","41196353","A","G","c.*1342T>C","","17:41196353 A > G","3' UTR","","1","0","0.000101"
"17","41196331","G","A","c.*1364C>T","","17:41196331 G > A","3' UTR","","1","0","0.000101"
"17","41276129","T","C","c.-16A>G","","17:41276129 T > C","5' UTR","","0","1","0.000101"
"17","41277329","G","A","c.-1216C>T","","17:41277329 G > A","5' UTR","","0","4","0.000405"
"17","41277330","C","T","c.-1217G>A","","17:41277330 C > T","5' UTR","","1","0","0.000101"
"17","41277354","G","A","c.-1241C>T","","17:41277354 G > A","5' UTR","","13","0","0.00132"
"17","41277359","T","C","c.-1246A>G","","17:41277359 T > C","5' UTR","","0","1","0.000101"
"17","41277364","C","T","c.-1251G>A","","17:41277364 C > T","5' UTR","","0","1","0.000101"
"17","41277371","G","A","c.-1258C>T","","17:41277371 G > A","5' UTR","","1","0","0.000101"
"17","41277374","G","C","c.-1261C>G","","17:41277374 G > C","5' UTR","","0","6","0.000607"
"17","41277389","C","G","c.-1276G>C","","17:41277389 C > G","5' UTR","","1","0","0.000101"
"17","41277401","G","","c.-1288delC","","17:41277401 G","5' UTR","","1","0","0.000101"
"17","41277403","A","C","c.-1290T>G","","17:41277403 A > C","5' UTR","","1","0","0.000101"
"17","41277405","T","G","c.-1292A>C","","17:41277405 T > G","5' UTR","","1","0","0.000101"
"17","41277411","T","C","c.-1298A>G","","17:41277411 T > C","5' UTR","","1","0","0.000101"
"17","41277414","A","T","c.-1301T>A","","17:41277414 A > T","5' UTR","","1","0","0.000101"
"17","41277417","T","C","c.-1304A>G","","17:41277417 T > C","5' UTR","","1","0","0.000101"
"17","41277445","G","A","c.-1332C>T","","17:41277445 G > A","5' UTR","","0","2","0.000202"
"17","41267743","T","G","c.A134C","p.K45T","17:41267743 T > G","missense","donor:1","1","0","0.000101"
"17","41256266","T","C","c.A314G","p.Y105C","17:41256266 T > C","missense","","0","1","0.000101"
"17","41251882","T","G","c.A457C","p.S153R","17:41251882 T > G","missense","","1","0","0.000101"
"17","41251836","T","G","c.A503C","p.K168T","17:41251836 T > G","missense","","0","1","0.000101"
"17","41251817","T","C","c.A522G","p.Q174Q","17:41251817 T > C","silent","","1","1","0.000202"
"17","41251803","T","C","c.A536G","p.Y179C","17:41251803 T > C","missense","","5","0","0.000506"
"17","41249290","T","C","c.A564G","p.E188E","17:41249290 T > C","silent","","1","0","0.000101"
"17","41247892","T","C","c.A641G","p.D214G","17:41247892 T > C","missense","","1","0","0.000101"
"17","41246849","T","C","c.A699G","p.V233V","17:41246849 T > C","silent","","1","0","0.000101"
"17","41246832","T","C","c.A716G","p.H239R","17:41246832 T > C","missense","","1","0","0.000101"
"17","41246782","T","A","c.A766T","p.R256W","17:41246782 T > A","missense","","1","0","0.000101"
"17","41246720","T","C","c.A828G","p.T276T","17:41246720 T > C","silent","","0","3","0.000304"
"17","41246602","T","C","c.A946G","p.S316G","17:41246602 T > C","missense","","1","0","0.000101"
"17","41246567","T","C","c.A981G","p.T327T","17:41246567 T > C","silent","","18","0","0.00182"
"17","41246563","T","A","c.A985T","p.N329Y","17:41246563 T > A","missense","","1","1","0.000202"
"17","41246533","T","C","c.A1015G","p.K339E","17:41246533 T > C","missense","","1","0","0.000101"
"17","41246481","T","C","c.A1067G","p.Q356R","17:41246481 T > C","missense","","908","48","0.0967"
"17","41246326","T","C","c.A1222G","p.K408E","17:41246326 T > C","missense","","1","0","0.000101"
"17","41246182","T","G","c.A1366C","p.I456L","17:41246182 T > G","missense","","0","1","0.000101"
"17","41246121","T","C","c.A1427G","p.H476R","17:41246121 T > C","missense","","2","16","0.00182"
"17","41245900","T","G","c.A1648C","p.N550H","17:41245900 T > G","missense","","5","0","0.000506"
"17","41245824","T","C","c.A1724G","p.E575G","17:41245824 T > C","missense","","0","1","0.000101"
"17","41245817","T","C","c.A1731G","p.E577E","17:41245817 T > C","silent","","2","0","0.000202"
"17","41245801","T","C","c.A1747G","p.K583E","17:41245801 T > C","missense","","0","2","0.000202"
"17","41245746","T","C","c.A1802G","p.H601R","17:41245746 T > C","missense","","1","0","0.000101"
"17","41245699","T","C","c.A1849G","p.T617A","17:41245699 T > C","missense","","1","0","0.000101"
"17","41245655","T","G","c.A1893C","p.L631L","17:41245655 T > G","silent","","0","1","0.000101"
"17","41245577","T","C","c.A1971G","p.Q657Q","17:41245577 T > C","silent","","14","93","0.0108"
"17","41245550","T","C","c.A1998G","p.L666L","17:41245550 T > C","silent","","1","0","0.000101"
"17","41245439","T","C","c.A2109G","p.T703T","17:41245439 T > C","silent","","3","21","0.00243"
"17","41245393","T","C","c.A2155G","p.K719E","17:41245393 T > C","missense","","0","5","0.000506"
"17","41245381","T","C","c.A2167G","p.N723D","17:41245381 T > C","missense","","2","39","0.00415"
"17","41245324","T","C","c.A2224G","p.N742D","17:41245324 T > C","missense","","0","1","0.000101"
"17","41245209","T","C","c.A2339G","p.Q780R","17:41245209 T > C","missense","","1","0","0.000101"
"17","41245201","T","C","c.A2347G","p.I783V","17:41245201 T > C","missense","","1","0","0.000101"
"17","41245180","T","C","c.A2368G","p.T790A","17:41245180 T > C","missense","","0","1","0.000101"
"17","41245090","T","C","c.A2458G","p.K820E","17:41245090 T > C","missense","","15","167","0.0184"
"17","41245023","T","C","c.A2525G","p.E842G","17:41245023 T > C","missense","","1","1","0.000202"
"17","41244923","T","C","c.A2625G","p.P875P","17:41244923 T > C","silent","","0","1","0.000101"
"17","41244836","T","C","c.A2712G","p.E904E","17:41244836 T > C","silent","","1","0","0.000101"
"17","41244815","T","C","c.A2733G","p.G911G","17:41244815 T > C","silent","","18","0","0.00182"
"17","41244775","T","G","c.A2773C","p.I925L","17:41244775 T > G","missense","","1","3","0.000405"
"17","41244775","T","C","c.A2773G","p.I925V","17:41244775 T > C","missense","","1","0","0.000101"
"17","41244734","T","C","c.A2814G","p.P938P","17:41244734 T > C","silent","","5","31","0.00364"
"17","41244686","T","C","c.A2862G","p.L954L","17:41244686 T > C","silent","","1","1","0.000202"
"17","41244638","T","C","c.A2910G","p.K970K","17:41244638 T > C","silent","","1","0","0.000101"
"17","41244526","T","C","c.A3022G","p.M1008V","17:41244526 T > C","missense","","1","18","0.00192"
"17","41244493","T","C","c.A3055G","p.I1019V","17:41244493 T > C","missense","","1","0","0.000101"
"17","41244457","T","A","c.A3091T","p.I1031F","17:41244457 T > A","missense","","0","1","0.000101"
"17","41244435","T","C","c.A3113G","p.E1038G","17:41244435 T > C","missense","","3985","828","0.487"
"17","41244434","T","C","c.A3114G","p.E1038E","17:41244434 T > C","silent","","1","0","0.000101"
"17","41244328","T","C","c.A3220G","p.R1074G","17:41244328 T > C","missense","","0","1","0.000101"
"17","41244221","T","G","c.A3327C","p.K1109N","17:41244221 T > G","missense","","1","0","0.000101"
"17","41244130","T","C","c.A3418G","p.S1140G","17:41244130 T > C","missense","","26","162","0.0190"
"17","41244000","T","C","c.A3548G","p.K1183R","17:41244000 T > C","missense","","4011","1059","0.513"
"17","41243960","T","C","c.A3588G","p.T1196T","17:41243960 T > C","silent","","0","1","0.000101"
"17","41243925","T","C","c.A3623G","p.K1208R","17:41243925 T > C","missense","","1","0","0.000101"
"17","41243837","T","C","c.A3711G","p.I1237M","17:41243837 T > C","missense","","1","0","0.000101"
"17","41243725","T","C","c.A3823G","p.I1275V","17:41243725 T > C","missense","","1","0","0.000101"
"17","41243509","T","C","c.A4039G","p.R1347G","17:41243509 T > C","missense","","91","8","0.0100"
"17","41234481","T","G","c.A4297C","p.I1433L","17:41234481 T > G","missense","","1","0","0.000101"
"17","41234436","T","C","c.A4342G","p.S1448G","17:41234436 T > C","missense","","2","0","0.000202"
"17","41228627","T","C","c.A4362G","p.V1454V","17:41228627 T > C","silent","acceptor:2","1","0","0.000101"
"17","41228616","T","A","c.A4373T","p.Q1458L","17:41228616 T > A","missense","","0","1","0.000101"
"17","41228587","T","G","c.A4402C","p.N1468H","17:41228587 T > G","missense","","1","1","0.000202"
"17","41228579","T","A","c.A4410T","p.E1470D","17:41228579 T > A","missense","","1","0","0.000101"
"17","41226438","T","C","c.A4585G","p.I1529V","17:41226438 T > C","missense","","0","1","0.000101"
"17","41226349","T","C","c.A4674G","p.L1558L","17:41226349 T > C","silent","donor:2","0","1","0.000101"
"17","41223119","T","C","c.A4812G","p.Q1604Q","17:41223119 T > C","silent","","20","0","0.00202"
"17","41223049","T","C","c.A4882G","p.M1628V","17:41223049 T > C","missense","","1","0","0.000101"
"17","41215943","T","C","c.A5100G","p.T1700T","17:41215943 T > C","silent","","1","0","0.000101"
"17","41215385","T","C","c.A5158G","p.T1720A","17:41215385 T > C","missense","","0","1","0.000101"
"17","41215368","T","C","c.A5175G","p.E1725E","17:41215368 T > C","silent","","1","0","0.000101"
"17","41276095","G","A","c.C19T","p.R7C","17:41276095 G > A","missense","","1","0","0.000101"
"17","41276093","G","A","c.C21T","p.R7R","17:41276093 G > A","silent","","2","31","0.00334"
"17","41256919","G","C","c.C267G","p.I89M","17:41256919 G > C","missense","","0","1","0.000101"
"17","41256155","G","T","c.C425A","p.P142H","17:41256155 G > T","missense","","3","1","0.000405"
"17","41251876","G","C","c.C463G","p.Q155E","17:41251876 G > C","missense","","1","0","0.000101"
"17","41251831","G","A","c.C508T","p.R170W","17:41251831 G > A","missense","","1","0","0.000101"
"17","41249297","G","T","c.C557A","p.S186Y","17:41249297 G > T","missense","","7","50","0.00577"
"17","41249263","G","A","c.C591T","p.C197C","17:41249263 G > A","silent","donor:3","12","2","0.00142"
"17","41246775","G","C","c.C773G","p.P258R","17:41246775 G > C","missense","","1","0","0.000101"
"17","41246721","G","C","c.C827G","p.T276R","17:41246721 G > C","missense","","2","0","0.000202"
"17","41246709","G","T","c.C839A","p.A280D","17:41246709 G > T","missense","","1","0","0.000101"
"17","41246554","G","A","c.C994T","p.R332W","17:41246554 G > A","missense","","1","0","0.000101"
"17","41246206","G","A","c.C1342T","p.H448Y","17:41246206 G > A","missense","","0","1","0.000101"
"17","41246062","G","A","c.C1486T","p.R496C","17:41246062 G > A","missense","","1","0","0.000101"
"17","41246038","G","A","c.C1510T","p.R504C","17:41246038 G > A","missense","","0","1","0.000101"
"17","41246015","G","T","c.C1533A","p.G511G","17:41246015 G > T","silent","","0","1","0.000101"
"17","41246014","G","A","c.C1534T","p.L512F","17:41246014 G > A","missense","","3","0","0.000304"
"17","41245994","G","T","c.C1554A","p.I518I","17:41245994 G > T","silent","","1","0","0.000101"
"17","41245826","G","A","c.C1722T","p.L574L","17:41245826 G > A","silent","","1","0","0.000101"
"17","41245683","G","A","c.C1865T","p.A622V","17:41245683 G > A","missense","","1","0","0.000101"
"17","41245466","G","A","c.C2082T","p.S694S","17:41245466 G > A","silent","","4010","1060","0.513"
"17","41245210","G","C","c.C2338G","p.Q780E","17:41245210 G > C","missense","","1","0","0.000101"
"17","41245071","G","T","c.C2477A","p.T826K","17:41245071 G > T","missense","","3","1","0.000405"
"17","41245027","G","A","c.C2521T","p.R841W","17:41245027 G > A","missense","","34","3","0.00374"
"17","41244952","G","A","c.C2596T","p.R866C","17:41244952 G > A","missense","","2","0","0.000202"
"17","41244936","G","A","c.C2612T","p.P871L","17:41244936 G > A","missense","","4256","2458","0.679"
"17","41244891","G","C","c.C2657G","p.S886C","17:41244891 G > C","missense","","0","1","0.000101"
"17","41244466","G","A","c.C3082T","p.R1028C","17:41244466 G > A","missense","","1","0","0.000101"
"17","41244252","G","A","c.C3296T","p.P1099L","17:41244252 G > A","missense","","1","0","0.000101"
"17","41244092","G","A","c.C3456T","p.D1152D","17:41244092 G > A","silent","","0","1","0.000101"
"17","41244008","G","A","c.C3540T","p.S1180S","17:41244008 G > A","silent","","1","0","0.000101"
"17","41243877","G","A","c.C3671T","p.P1224L","17:41243877 G > A","missense","","0","1","0.000101"
"17","41243835","G","A","c.C3713T","p.P1238L","17:41243835 G > A","missense","","6","0","0.000607"
"17","41243801","G","A","c.C3747T","p.T1249T","17:41243801 G > A","silent","","3","0","0.000304"
"17","41243790","G","C","c.C3758G","p.S1253C","17:41243790 G > C","missense","","1","0","0.000101"
"17","41243604","G","C","c.C3944G","p.P1315R","17:41243604 G > C","missense","","1","0","0.000101"
"17","41243502","G","A","c.C4046T","p.T1349M","17:41243502 G > A","missense","","0","1","0.000101"
"17","41234451","G","C","c.C4327G","p.R1443G","17:41234451 G > C","missense","","2","0","0.000202"
"17","41226388","G","A","c.C4635T","p.H1545H","17:41226388 G > A","silent","","0","1","0.000101"
"17","41226374","G","A","c.C4649T","p.T1550I","17:41226374 G > A","missense","","1","1","0.000202"
"17","41223249","G","A","c.C4682T","p.T1561I","17:41223249 G > A","missense","","2","32","0.00344"
"17","41223223","G","A","c.C4708T","p.L1570F","17:41223223 G > A","missense","","1","0","0.000101"
"17","41223196","G","C","c.C4735G","p.P1579A","17:41223196 G > C","missense","","0","1","0.000101"
"17","41223166","G","A","c.C4765T","p.R1589C","17:41223166 G > A","missense","","1","0","0.000101"
"17","41223091","G","A","c.C4840T","p.P1614S","17:41223091 G > A","missense","","0","9","0.000911"
"17","41223021","G","A","c.C4910T","p.P1637L","17:41223021 G > A","missense","","1","0","0.000101"
"17","41222958","G","A","c.C4973T","p.T1658I","17:41222958 G > A","missense","","1","0","0.000101"
"17","41219707","G","A","c.C4992T","p.L1664L","17:41219707 G > A","silent","","1","15","0.00162"
"17","41215948","G","T","c.C5095A","p.R1699R","17:41215948 G > T","silent","","1","0","0.000101"
"17","41215920","G","A","c.C5123T","p.A1708V","17:41215920 G > A","missense","","1","3","0.000405"
"17","41215382","G","C","c.C5161G","p.Q1721E","17:41215382 G > C","missense","","0","1","0.000101"
"17","41215358","G","C","c.C5185G","p.L1729V","17:41215358 G > C","missense","","0","1","0.000101"
"17","41203108","G","A","c.C5304T","p.C1768C","17:41203108 G > A","silent","","0","3","0.000304"
"17","41267763","C","T","c.G114A","p.K38K","17:41267763 C > T","silent","","4","4","0.000809"
"17","41258514","C","A","c.G171T","p.G57G","17:41258514 C > A","silent","","1","0","0.000101"
"17","41258486","C","A","c.G199T","p.D67Y","17:41258486 C > A","missense","","1","0","0.000101"
"17","41256931","C","A","c.G255T","p.E85D","17:41256931 C > A","missense","","1","0","0.000101"
"17","41256153","C","T","c.G427A","p.E143K","17:41256153 C > T","missense","","1","0","0.000101"
"17","41251811","C","T","c.G528A","p.T176T","17:41251811 C > T","silent","","0","3","0.000304"
"17","41249283","C","T","c.G571A","p.V191I","17:41249283 C > T","missense","","0","7","0.000708"
"17","41247921","C","G","c.G612C","p.L204F","17:41247921 C > G","missense","","1","0","0.000101"
"17","41247872","C","A","c.G661T","p.A221S","17:41247872 C > A","missense","","0","1","0.000101"
"17","41246855","C","T","c.G693A","p.T231T","17:41246855 C > T","silent","","1","0","0.000101"
"17","41246854","C","T","c.G694A","p.D232N","17:41246854 C > T","missense","","0","5","0.000506"
"17","41246793","C","T","c.G755A","p.R252H","17:41246793 C > T","missense","","1","0","0.000101"
"17","41246783","C","T","c.G765A","p.E255E","17:41246783 C > T","silent","","2","15","0.00172"
"17","41246741","C","T","c.G807A","p.L269L","17:41246741 C > T","silent","","1","3","0.000405"
"17","41246584","C","T","c.G964A","p.A322T","17:41246584 C > T","missense","","0","1","0.000101"
"17","41246573","C","T","c.G975A","p.K325K","17:41246573 C > T","silent","","1","0","0.000101"
"17","41246522","C","T","c.G1026A","p.L342L","17:41246522 C > T","silent","","0","1","0.000101"
"17","41246483","C","T","c.G1065A","p.K355K","17:41246483 C > T","silent","","1","0","0.000101"
"17","41246393","C","A","c.G1155T","p.W385C","17:41246393 C > A","missense","","1","3","0.000405"
"17","41246164","C","T","c.G1384A","p.G462R","17:41246164 C > T","missense","","1","1","0.000202"
"17","41246144","C","T","c.G1404A","p.K468K","17:41246144 C > T","silent","","0","1","0.000101"
"17","41246089","C","A","c.G1459T","p.V487F","17:41246089 C > A","missense","","0","2","0.000202"
"17","41246061","C","T","c.G1487A","p.R496H","17:41246061 C > T","missense","","15","1","0.00162"
"17","41246037","C","T","c.G1511A","p.R504H","17:41246037 C > T","missense","","1","0","0.000101"
"17","41245987","C","T","c.G1561A","p.A521T","17:41245987 C > T","missense","","0","5","0.000506"
"17","41245975","C","T","c.G1573A","p.V525I","17:41245975 C > T","missense","","0","1","0.000101"
"17","41245931","C","T","c.G1617A","p.T539T","17:41245931 C > T","silent","","1","0","0.000101"
"17","41245759","C","T","c.G1789A","p.E597K","17:41245759 C > T","missense","","6","1","0.000708"
"17","41245624","C","G","c.G1924C","p.D642H","17:41245624 C > G","missense","","1","0","0.000101"
"17","41245471","C","T","c.G2077A","p.D693N","17:41245471 C > T","missense","","1099","129","0.124"
"17","41245467","C","T","c.G2081A","p.S694N","17:41245467 C > T","missense","","1","0","0.000101"
"17","41245465","C","T","c.G2083A","p.D695N","17:41245465 C > T","missense","","0","1","0.000101"
"17","41245465","C","A","c.G2083T","p.D695Y","17:41245465 C > A","missense","","1","0","0.000101"
"17","41245365","C","T","c.G2183A","p.R728K","17:41245365 C > T","missense","","1","0","0.000101"
"17","41245136","C","G","c.G2412C","p.Q804H","17:41245136 C > G","missense","","3","0","0.000304"
"17","41244940","C","G","c.G2608C","p.A870P","17:41244940 C > G","missense","","0","1","0.000101"
"17","41244766","C","T","c.G2782A","p.G928S","17:41244766 C > T","missense","","1","0","0.000101"
"17","41244612","C","T","c.G2936A","p.R979H","17:41244612 C > T","missense","","0","1","0.000101"
"17","41244524","C","T","c.G3024A","p.M1008I","17:41244524 C > T","missense","","18","0","0.00182"
"17","41244465","C","T","c.G3083A","p.R1028H","17:41244465 C > T","missense","","1","0","0.000101"
"17","41244451","C","T","c.G3097A","p.E1033K","17:41244451 C > T","missense","","0","1","0.000101"
"17","41244429","C","T","c.G3119A","p.S1040N","17:41244429 C > T","missense","","311","28","0.0343"
"17","41244337","C","T","c.G3211A","p.E1071K","17:41244337 C > T","missense","","1","0","0.000101"
"17","41244246","C","T","c.G3302A","p.S1101N","17:41244246 C > T","missense","","3","0","0.000304"
"17","41244202","C","G","c.G3346C","p.V1116L","17:41244202 C > G","missense","","0","1","0.000101"
"17","41244132","C","A","c.G3416T","p.S1139I","17:41244132 C > A","missense","","1","0","0.000101"
"17","41244043","C","A","c.G3505T","p.D1169Y","17:41244043 C > A","missense","","1","0","0.000101"
"17","41244015","C","T","c.G3533A","p.S1178N","17:41244015 C > T","missense","","0","1","0.000101"
"17","41244007","C","T","c.G3541A","p.V1181I","17:41244007 C > T","missense","","1","1","0.000202"
"17","41243948","C","G","c.G3600C","p.Q1200H","17:41243948 C > G","missense","","2","25","0.00273"
"17","41243940","C","T","c.G3608A","p.R1203Q","17:41243940 C > T","missense","","1","0","0.000101"
"17","41243809","C","T","c.G3739A","p.V1247I","17:41243809 C > T","missense","","0","2","0.000202"
"17","41243800","C","T","c.G3748A","p.E1250K","17:41243800 C > T","missense","","3","0","0.000304"
"17","41243798","C","G","c.G3750C","p.E1250D","17:41243798 C > G","missense","","0","1","0.000101"
"17","41243751","C","G","c.G3797C","p.S1266T","17:41243751 C > G","missense","","2","0","0.000202"
"17","41243576","C","T","c.G3972A","p.M1324I","17:41243576 C > T","missense","","1","0","0.000101"
"17","41243567","C","T","c.G3981A","p.Q1327Q","17:41243567 C > T","silent","","1","0","0.000101"
"17","41243033","C","T","c.G4113A","p.G1371G","17:41243033 C > T","silent","","3","21","0.00243"
"17","41243014","C","T","c.G4132A","p.V1378I","17:41243014 C > T","missense","","1","0","0.000101"
"17","41243014","C","A","c.G4132T","p.V1378F","17:41243014 C > A","missense","","0","1","0.000101"
"17","41234527","C","T","c.G4251A","p.V1417V","17:41234527 C > T","silent","","0","1","0.000101"
"17","41228552","C","T","c.G4437A","p.V1479V","17:41228552 C > T","silent","","0","1","0.000101"
"17","41228509","C","T","c.G4480A","p.E1494K","17:41228509 C > T","missense","","0","1","0.000101"
"17","41226488","C","A","c.G4535T","p.S1512I","17:41226488 C > A","missense","","44","1","0.00455"
"17","41226469","C","T","c.G4554A","p.Q1518Q","17:41226469 C > T","silent","","0","1","0.000101"
"17","41226423","C","T","c.G4600A","p.V1534M","17:41226423 C > T","missense","","2","20","0.00223"
"17","41226387","C","T","c.G4636A","p.D1546N","17:41226387 C > T","missense","","3","0","0.000304"
"17","41226379","C","T","c.G4644A","p.T1548T","17:41226379 C > T","silent","","2","0","0.000202"
"17","41223088","C","T","c.G4843A","p.A1615T","17:41223088 C > T","missense","","1","0","0.000101"
"17","41223064","C","T","c.G4867A","p.A1623T","17:41223064 C > T","missense","","1","0","0.000101"
"17","41223029","C","T","c.G4902A","p.R1634R","17:41223029 C > T","silent","","0","1","0.000101"
"17","41222997","C","G","c.G4934C","p.R1645T","17:41222997 C > G","missense","","0","3","0.000304"
"17","41222975","C","T","c.G4956A","p.M1652I","17:41222975 C > T","missense","","213","15","0.0231"
"17","41219694","C","A","c.G5005T","p.A1669S","17:41219694 C > A","missense","","3","0","0.000304"
"17","41209094","C","T","c.G5252A","p.R1751Q","17:41209094 C > T","missense","","1","0","0.000101"
"17","41203127","C","A","c.G5285T","p.R1762M","17:41203127 C > A","missense","","1","0","0.000101"
"17","41201168","C","T","c.G5376A","p.V1792V","17:41201168 C > T","silent","","1","0","0.000101"
"17","41199720","C","A","c.G5407T","p.G1803C","17:41199720 C > A","missense","acceptor:1","1","0","0.000101"
"17","41256141","A","G","c.T439C","p.L147L","17:41256141 A > G","silent","donor:3","1","0","0.000101"
"17","41246876","A","C","c.T672G","p.A224A","17:41246876 A > C","silent","acceptor:2","1","0","0.000101"
"17","41246819","A","C","c.T729G","p.N243K","17:41246819 A > C","missense","","1","0","0.000101"
"17","41246812","A","C","c.T736G","p.L246V","17:41246812 A > C","missense","","5","1","0.000607"
"17","41246467","A","G","c.T1081C","p.S361P","17:41246467 A > G","missense","","1","0","0.000101"
"17","41246411","A","C","c.T1137G","p.I379M","17:41246411 A > C","missense","","4","26","0.00304"
"17","41246322","A","G","c.T1226C","p.V409A","17:41246322 A > G","missense","","1","0","0.000101"
"17","41246315","A","C","c.T1233G","p.D411E","17:41246315 A > C","missense","","1","2","0.000304"
"17","41246284","A","G","c.T1264C","p.Y422H","17:41246284 A > G","missense","","0","1","0.000101"
"17","41246100","A","G","c.T1448C","p.I483T","17:41246100 A > G","missense","","1","0","0.000101"
"17","41246092","A","G","c.T1456C","p.F486L","17:41246092 A > G","missense","","5","0","0.000506"
"17","41245721","A","G","c.T1827C","p.N609N","17:41245721 A > G","silent","","0","1","0.000101"
"17","41245680","A","G","c.T1868C","p.L623P","17:41245680 A > G","missense","","1","0","0.000101"
"17","41245643","A","G","c.T1905C","p.N635N","17:41245643 A > G","silent","","1","2","0.000304"
"17","41245637","A","G","c.T1911C","p.T637T","17:41245637 A > G","silent","","3","0","0.000304"
"17","41245626","A","G","c.T1922C","p.I641T","17:41245626 A > G","missense","","1","0","0.000101"
"17","41245472","A","G","c.T2076C","p.H692H","17:41245472 A > G","silent","","1","0","0.000101"
"17","41245316","A","G","c.T2232C","p.A744A","17:41245316 A > G","silent","","1","4","0.000506"
"17","41245316","A","C","c.T2232G","p.A744A","17:41245316 A > C","silent","","1","0","0.000101"
"17","41245237","A","G","c.T2311C","p.L771L","17:41245237 A > G","silent","","3973","827","0.486"
"17","41245233","A","G","c.T2315C","p.V772A","17:41245233 A > G","missense","","1","3","0.000405"
"17","41244979","A","G","c.T2569C","p.L857L","17:41244979 A > G","silent","","1","0","0.000101"
"17","41244651","A","G","c.T2897C","p.I966T","17:41244651 A > G","missense","","1","0","0.000101"
"17","41244568","A","G","c.T2980C","p.C994R","17:41244568 A > G","missense","","0","1","0.000101"
"17","41244455","A","T","c.T3093A","p.I1031I","17:41244455 A > T","silent","","1","0","0.000101"
"17","41243899","A","G","c.T3649C","p.S1217P","17:41243899 A > G","missense","","1","1","0.000202"
"17","41243857","A","G","c.T3691C","p.F1231L","17:41243857 A > G","missense","","1","1","0.000202"
"17","41243840","A","C","c.T3708G","p.N1236K","17:41243840 A > C","missense","","9","0","0.000911"
"17","41243744","A","G","c.T3804C","p.N1268N","17:41243744 A > G","silent","","2","4","0.000607"
"17","41243497","A","G","c.T4051C","p.L1351L","17:41243497 A > G","silent","","0","1","0.000101"
"17","41234470","A","G","c.T4308C","p.S1436S","17:41234470 A > G","silent","","3988","828","0.487"
"17","41226475","A","T","c.T4548A","p.S1516R","17:41226475 A > T","missense","","1","0","0.000101"
"17","41223240","A","G","c.T4691C","p.L1564P","17:41223240 A > G","missense","","1","12","0.00132"
"17","41223133","A","G","c.T4798C","p.L1600L","17:41223133 A > G","silent","","1","0","0.000101"
"17","41223118","A","G","c.T4813C","p.L1605L","17:41223118 A > G","silent","","0","2","0.000202"
"17","41223086","A","G","c.T4845C","p.A1615A","17:41223086 A > G","silent","","1","0","0.000101"
"17","41223048","A","G","c.T4883C","p.M1628T","17:41223048 A > G","missense","","7","0","0.000708"
"17","41223038","A","T","c.T4893A","p.S1631R","17:41223038 A > T","missense","","0","1","0.000101"
"17","41222976","A","G","c.T4955C","p.M1652T","17:41222976 A > G","missense","","1","0","0.000101"
"17","41215357","A","C","c.T5186G","p.L1729R","17:41215357 A > C","missense","","0","1","0.000101"
"17","41203088","A","C","c.T5324G","p.M1775R","17:41203088 A > C","missense","","0","1","0.000101"
"17","41201196","A","G","c.T5348C","p.M1783T","17:41201196 A > G","missense","","1","8","0.000911"
"17","41199716","A","T","c.T5411A","p.V1804D","17:41199716 A > T","missense","","2","0","0.000202"
"17","41197756","A","C","c.T5531G","p.L1844R","17:41197756 A > C","missense","","1","2","0.000304"
"17","41197825","G","A","","","17:41197825 G > A","intronic","acceptor:6","1","0","0.000101"
"17","41197829","G","T","","","17:41197829 G > T","intronic","acceptor:10","6","82","0.00890"
"17","41199724","G","C","","","17:41199724 G > C","intronic","acceptor:4","1","0","0.000101"
"17","41203154","G","A","","","17:41203154 G > A","intronic","acceptor:20","2","3","0.000506"
"17","41209170","C","A","","","17:41209170 C > A","intronic","acceptor:18","1","3","0.000405"
"17","41219723","A","G","","","17:41219723 A > G","intronic","acceptor:11","1","0","0.000101"
"17","41219732","T","C","","","17:41219732 T > C","intronic","acceptor:20","8","57","0.00658"
"17","41228641","G","A","","","17:41228641 G > A","intronic","acceptor:10","2","0","0.000202"
"17","41231434","T","C","","","17:41231434 T > C","intronic","acceptor:18","1","0","0.000101"
"17","41247954","C","G","","","17:41247954 C > G","intronic","acceptor:15","1","0","0.000101"
"17","41249258","C","T","","","17:41249258 C > T","intronic","donor:3","1","1","0.000202"
"17","41249323","C","A","","","17:41249323 C > A","intronic","acceptor:17","9","0","0.000911"
"17","41267808","G","C","","","17:41267808 G > C","intronic","acceptor:12","2","16","0.00182"
"17","41267809","G","C","","","17:41267809 G > C","intronic","acceptor:13","1","16","0.00172"
"17","41267809","G","T","","","17:41267809 G > T","intronic","acceptor:13","0","4","0.000405"
"17","41267810","G","A","","","17:41267810 G > A","intronic","acceptor:14","8","2","0.00101"
"17","41276142","A","G","","","17:41276142 A > G","intronic","acceptor:10","3","0","0.000304"