Identifier,CHROM,POS,REF,ALT,NCT_SAMPLE_NAME,NCT_Sheet,KGE_RefSeq,NCT_TumorVariantFrequency,NCT_ZYGOSITY
17:g.41244082C>A,17,41244082,C,A,H021-MTEV,snvs,NM_007294.3,0.24,het
17:g.41234555T>C,17,41234555,T,C,H021-MTEV,germlineSNVs,NM_007294.3,0.43,het
17:g.41251873G>A,17,41251873,G,A,H021-8Z72,germlineSNVs,NM_007294.3,0.5,het
17:g.41222975C>T,17,41222975,C,T,H021-7D43,germlineSNVs,NM_007294.3,0.44,het
17:g.41243509T>C,17,41243509,T,C,H021-HXZBV6,germlineSNVs,NM_007294.3,0.44,het
17:g.41244429C>T,17,41244429,C,T,H021-AWM6R8,germlineSNVs,NM_007294.3,0.49,het
17:g.41245027G>A,17,41245027,G,A,H021-AWM6R8,germlineSNVs,NM_007294.3,0.49,het
17:g.41243509T>C,17,41243509,T,C,H021-L49S9D,germlineSNVs,NM_007294.3,0.46,het
17:g.41222975C>CT,17,41222975,C,CT,H021-G6YVGM,germlineSNVs,NM_007294.3,0.44,het
17:g.41222975C>T,17,41222975,C,T,H021-Q9PZJM,germlineSNVs,NM_007294.3,0.45,het
17:g.41222975C>T,17,41222975,C,T,H021-XCBK,germlineSNVs,NM_007294.3,0.23,het
17:g.41244429C>T,17,41244429,C,T,H021-0Q92,germlineSNVs,NM_007294.3,0.15,het
17:g.41209095G>A,17,41209095,G,A,H021-FV5RAQ,germlineSNVs,NM_007294.3,0.89,hom
17:g.41222975C>T,17,41222975,C,T,H021-2NLMAB,germlineSNVs,NM_007294.3,0.45,het
17:g.41226488C>A,17,41226488,C,A,H021-2NLMAB,germlineSNVs,NM_007294.3,0.52,het
17:g.41222975C>T,17,41222975,C,T,H021-FQRB1B,germlineSNVs,NM_007294.3,0.52,het
17:g.41244429C>T,17,41244429,C,T,H021-WSB8F4,germlineSNVs,NM_007294.3,0.92,hom
17:g.41222975C>T,17,41222975,C,T,H021-HEUFY8,germlineSNVs,NM_007294.3,0.45,het
17:g.41222975C>T,17,41222975,C,T,H021-651PPJ,germlineSNVs,NM_007294.3,0.43,het
17:g.41226488C>A,17,41226488,C,A,H021-YBPHJR,germlineSNVs,NM_007294.3,0.43,het
17:g.41234451G>C,17,41234451,G,C,H021-35W4SQ,germlineSNVs,NM_007294.3,0.56,het
17:g.41222975C>T,17,41222975,C,T,H021-C8HNLE,germlineSNVs,NM_007294.3,0.41,het
17:g.41251826T>C,17,41251826,T,C,H021-JJCRC3,germlineSNVs,NM_007294.3,0.45,het
17:g.41222975C>T,17,41222975,C,T,H021-BD26XP,germlineSNVs,NM_007294.3,0.24,het
17:g.41226488C>A,17,41226488,C,A,H021-V1ND3H,germlineSNVs,NM_007294.3,0.62,het
17:g.41222975C>T,17,41222975,C,T,H021-DZKF5E,germlineSNVs,NM_007294.3,0.46,het
17:g.41244964T>C,17,41244964,T,C,H021-DZKF5E,germlineSNVs,NM_007294.3,0.51,het
17:g.41243509T>C,17,41243509,T,C,H021-5WKVYW,germlineSNVs,NM_007294.3,0.48,het
17:g.41243509T>C,17,41243509,T,C,H021-S5N2XH,germlineSNVs,NM_007294.3,0.57,het
17:g.41244429C>T,17,41244429,C,T,H021-L1KKFD,germlineSNVs,NM_007294.3,0.5,het
17:g.41244429C>T,17,41244429,C,T,H021-3B7GAT,germlineSNVs,NM_007294.3,0.45,het
17:g.41222975C>T,17,41222975,C,T,DZKF5E_3,germlineSNVs,NM_007294.3,0.46,het
17:g.41244964T>C,17,41244964,T,C,DZKF5E_3,germlineSNVs,NM_007294.3,0.51,het
17:g.41222975C>T,17,41222975,C,T,DZKF5E_2,germlineSNVs,NM_007294.3,0.46,het
17:g.41244964T>C,17,41244964,T,C,DZKF5E_2,germlineSNVs,NM_007294.3,0.51,het
17:g.41199715G>A,17,41199715,G,A,H021-2WUY1M,snvs,NM_007294.3,0.23,het
17:g.41243533C>T,17,41243533,C,T,H021-2WUY1M,snvs,NM_007294.3,0.22,het
17:g.41276040G>A,17,41276040,G,A,H021-2WUY1M,snvs,NM_007294.3,0.28,het
17:g.41245465C>A,17,41245465,C,A,H021-YC55A3,germlineSNVs,NM_007294.3,0.39,het
17:g.41203131A>T,17,41203131,A,T,H021-8KF22F,snvs,NM_007294.3,0.4,het
17:g.41245465C>A,17,41245465,C,A,H021-JYQ116,germlineSNVs,NM_007294.3,0.53,het
17:g.41245136C>G,17,41245136,C,G,H021-5PS3DS,germlineSNVs,NM_007294.3,0.5,het
17:g.41226489T>A,17,41226489,T,A,H021-6UE8LT,germlineSNVs,NM_007294.3,0.42,het
17:g.41246079G>A,17,41246079,G,A,H021-HUK74X,germlineSNVs,NM_007294.3,0.39,het
17:g.41223166G>A,17,41223166,G,A,H021-VJWKMM,germlineSNVs,NM_007294.3,0.48,het
17:g.41243832G>A,17,41243832,G,A,H021-1S82CX,snvs,NM_007294.3,0.48,het
17:g.41258504A>C,17,41258504,A,C,H021-5B22ZE,germlineSNVs,NM_007294.3,0.3,het
17:g.41256266T>C,17,41256266,T,C,H021-DW9VUH,germlineSNVs,NM_007294.3,0.44,het
17:g.41249262T>G,17,41249262,T,G,H021-1X5TZJ,germlineSNVs,NM_007294.3,0.52,het
17:g.41256266T>C,17,41256266,T,C,H021-M971NL,germlineSNVs,NM_007294.3,0.51,het
17:g.41219694C>A,17,41219694,C,A,H021-MVH5GW,germlineSNVs,NM_007294.3,0.47,het
17:g.41245683G>A,17,41245683,G,A,H021-8GEBK9,germlineSNVs,NM_007294.3,0.79,hom
17:g.41243704C>A,17,41243704,C,A,H021-CW6Z4Z,snvs,NM_007294.3,0.17,het
17:g.41234451G>A,17,41234451,G,A,H021-R82FD7,germlineSNVs,NM_007294.3,0.46,het
17:g.41244246C>T,17,41244246,C,T,H021-XMWJJZ,germlineSNVs,NM_007294.3,0.6,het
17:g.41245755A>T,17,41245755,A,T,H021-CBCJVV,germlineSNVs,NM_007294.3,0.77,hom
17:g.41244303G>T,17,41244303,G,T,H021-59G42F,snvs,NM_007294.3,0.16,het
17:g.41245102G>A,17,41245102,G,A,H021-59G42F,snvs,NM_007294.3,0.05,het
17:g.41245136C>G,17,41245136,C,G,H021-CEFU8J,germlineSNVs,NM_007294.3,0.39,het
17:g.41245066C>T,17,41245066,C,T,H021-YV9K4S,snvs,NM_007294.3,0.42,het
17:g.41244246C>T,17,41244246,C,T,H021-3WWFLS,germlineSNVs,NM_007294.3,0.43,het
17:g.41243908C>T,17,41243908,C,T,K08K-1KAD5P,germlineSNVs,NM_007294.3,0.51,het
17:g.41243908C>T,17,41243908,C,T,K08K-1KAD5P,germlineSNVs,NM_007294.3,0.58,het
17:g.41245113T>C,17,41245113,T,C,H021-SFAR2G,snvs,NM_007294.3,0.17,het
17:g.41234436T>C,17,41234436,T,C,H021-5LH8V8,germlineSNVs,NM_007294.3,0.45,het
17:g.41246107G>C,17,41246107,G,C,H021-W9K65Y,germlineSNVs,NM_007294.3,0.53,het
17:g.41223124G>A,17,41223124,G,A,H021-JRJTPJ,snvs,NM_007294.3,0.11,het
17:g.41223075G>A,17,41223075,G,A,H021-JRJTPJ,snvs,NM_007294.3,0.05,het
17:g.41223216G>A,17,41223216,G,A,H021-JRJTPJ,snvs,NM_007294.3,0.05,het
17:g.41243512C>T,17,41243512,C,T,H021-RYWQDW,germlineSNVs,NM_007294.3,0.36,het
17:g.41246062G>A,17,41246062,G,A,H021-ERZXM4,germlineSNVs,NM_007294.3,0.62,het
17:g.41245071G>T,17,41245071,G,T,H021-8B937U,germlineSNVs,NM_007294.3,0.45,het
17:g.41267744T>G,17,41267744,T,G,H021-NHW4KJ,germlineSNVs,NM_007294.3,0.88,hom
17:g.41244466G>A,17,41244466,G,A,H021-DWG1JA,germlineSNVs,NM_007294.3,0.49,het
17:g.41243800C>T,17,41243800,C,T,H021-A84J3R,snvs,NM_007294.3,0.15,het
17:g.41226387C>T,17,41226387,C,T,H021-XSCYZ5,germlineSNVs,NM_007294.3,0.42,het
17:g.41256151T>G,17,41256151,T,G,H021-NSB54K,germlineSNVs,NM_007294.3,0.56,het
17:g.41276080G>A,17,41276080,G,A,H021-J5LPWZ,snvs,NM_007294.3,0.88,hom
17:g.41199683C>T,17,41199683,C,T,H021-GHQ344,germlineSNVs,NM_007294.3,0.46,het
17:g.41243502G>A,17,41243502,G,A,H021-2QJCAC,germlineSNVs,NM_007294.3,0.51,het
17:g.41209094C>T,17,41209094,C,T,H021-HTBNJR,germlineSNVs,NM_007294.3,0.22,het
17:g.41251857G>A,17,41251857,G,A,H021-LDDQVD,snvs,NM_007294.3,0.23,het
17:g.41244952G>A,17,41244952,G,A,H021-3CZQT1,germlineSNVs,NM_007294.3,0.45,het
17:g.41246812A>C,17,41246812,A,C,H021-PBGPTT,germlineSNVs,NM_007294.3,0.53,het
17:g.41245071G>T,17,41245071,G,T,H021-CL9TS6,germlineSNVs,NM_007294.3,0.43,het
17:g.41231406T>C,17,41231406,T,C,H021-VTEG9B,snvs,NM_007294.3,0.37,het
17:g.41245683G>A,17,41245683,G,A,H021-JGFRSS,germlineSNVs,NM_007294.3,0.52,het
17:g.41245417T>C,17,41245417,T,C,H021-RZ4UBF,snvs,NM_007294.3,0.11,het
17:g.41244246C>T,17,41244246,C,T,H021-82F43B,germlineSNVs,NM_007294.3,0.41,het
17:g.41243800C>T,17,41243800,C,T,H021-N5SDZ4,germlineSNVs,NM_007294.3,0.48,het
17:g.41245071G>T,17,41245071,G,T,H021-FD8YQK,germlineSNVs,NM_007294.3,0.7,het
17:g.41243014C>T,17,41243014,C,T,H021-2X77QL,germlineSNVs,NM_007294.3,0.65,het
17:g.41197775C>T,17,41197775,C,T,H021-EYHAD8,germlineSNVs,NM_007294.3,0.21,het
17:g.41245026C>T,17,41245026,C,T,H021-PB7R74,germlineSNVs,NM_007294.3,0.53,het
17:g.41223211C>A,17,41223211,C,A,H021-Q27DJA,snvs,NM_007294.3,0.28,het
17:g.41246837T>G,17,41246837,T,G,H021-EUBCTJ,snvs,NM_007294.3,0.17,het
17:g.41245425G>T,17,41245425,G,T,H021-Z4NKLV,germlineSNVs,NM_007294.3,0.48,het
17:g.41246215C>G,17,41246215,C,G,H021-Z4NKLV,germlineSNVs,NM_007294.3,0.43,het
17:g.41243908C>T,17,41243908,C,T,H021-LCC5GK,germlineSNVs,NM_007294.3,0.92,hom
17:g.41245872C>T,17,41245872,C,T,H021-JRJTPJ,snvs,NM_007294.3,0.13,het
17:g.41243911C>T,17,41243911,C,T,H021-JRJTPJ,snvs,NM_007294.3,0.1,het
17:g.41245363C>T,17,41245363,C,T,H021-JRJTPJ,snvs,NM_007294.3,0.08,het
17:g.41201196A>G,17,41201196,A,G,H021-PEXEKW,germlineSNVs,NM_007294.3,0.46,het
17:g.41244132C>A,17,41244132,C,A,H021-59D482,germlineSNVs,NM_007294.3,0.62,het
17:g.41246812A>C,17,41246812,A,C,H021-WP5NAK,germlineSNVs,NM_007294.3,0.44,het
17:g.41203122G>T,17,41203122,G,T,H021-HGW5MV,germlineSNVs,NM_007294.3,0.67,het
17:g.41244301T>G,17,41244301,T,G,H021-HGW5MV,germlineSNVs,NM_007294.3,0.68,het
17:g.41243512C>T,17,41243512,C,T,H021-RYWQDW,germlineSNVs,NM_007294.3,0.42,het
17:g.41258504A>C,17,41258504,A,C,H021-U5R2ZE,germlineSNVs,NM_007294.3,0.56,het
17:g.41245683G>A,17,41245683,G,A,H021-XP5T1N,germlineSNVs,NM_007294.3,0.94,hom
17:g.41243835G>A,17,41243835,G,A,H021-NYHDQA,germlineSNVs,NM_007294.3,0.83,hom
17:g.41246186A>C,17,41246186,A,C,H021-9XX771,snvs,NM_007294.3,0.26,het
17:g.41245900T>G,17,41245900,T,G,H021-V7PGJH,germlineSNVs,NM_007294.3,0.5,het
17:g.41246092A>G,17,41246092,A,G,H021-V7PGJH,germlineSNVs,NM_007294.3,0.47,het
17:g.41251803T>C,17,41251803,T,C,H021-V7PGJH,germlineSNVs,NM_007294.3,0.31,het
17:g.41223165C>T,17,41223165,C,T,H021-V57GUF,germlineSNVs,NM_007294.3,0.48,het
17:g.41245071G>T,17,41245071,G,T,H021-5HNWBF,germlineSNVs,NM_007294.3,0.48,het
17:g.41243680T>C,17,41243680,T,C,H021-KWM4KB,germlineSNVs,NM_007294.3,0.47,het
17:g.41277199C>T,17,41277199,C,T,H021-9TUK6V,germlineSNVs,NM_007294.3,0.49,het
17:g.41223253C>T,17,41223253,C,T,H021-GZV3MZ,snvs,NM_007294.3,0.09,het
17:g.41245117G>A,17,41245117,G,A,H021-GZV3MZ,snvs,NM_007294.3,0.48,het
17:g.41246215C>T,17,41246215,C,T,H021-GZV3MZ,snvs,NM_007294.3,0.35,het
17:g.41245071G>T,17,41245071,G,T,H021-KQQR2Q,germlineSNVs,NM_007294.3,0.64,het
17:g.41244304C>T,17,41244304,C,T,H021-ZSVK53,germlineSNVs,NM_007294.3,0.59,het
17:g.41245683G>A,17,41245683,G,A,H021-LGDQN6,germlineSNVs,NM_007294.3,0.45,het
17:g.41246837T>G,17,41246837,T,G,H021-EUBCTJ,snvs,NM_007294.3,0.16,het
17:g.41245558T>C,17,41245558,T,C,H021-2UT2RD,germlineSNVs,NM_007294.3,0.46,het
17:g.41244882G>A,17,41244882,G,A,H021-ZLLTSU,germlineSNVs,NM_007294.3,0.85,hom
17:g.41223242G>C,17,41223242,G,C,H021-81B1R7,snvs,NM_007294.3,0.1,het
17:g.41244445C>T,17,41244445,C,T,H021-VAHB1W,snvs,NM_007294.3,0.13,het
17:g.41245900T>G,17,41245900,T,G,H021-J9RETT,germlineSNVs,NM_007294.3,0.51,het
17:g.41246092A>G,17,41246092,A,G,H021-J9RETT,germlineSNVs,NM_007294.3,0.45,het
17:g.41251803T>C,17,41251803,T,C,H021-J9RETT,germlineSNVs,NM_007294.3,0.53,het
17:g.41244082C>A,17,41244082,C,A,H021-MTEV,snvs,NM_007294.3,0.24,het
17:g.41234555T>C,17,41234555,T,C,H021-MTEV,germlineSNVs,NM_007294.3,0.42,het
17:g.41197784G>A,17,41197784,G,A,P021-PB51,germlineSNVs,NM_007294.3,0.5,het
17:g.41245586CT>C,17,41245586,CT,C,H021-85K2UB,germlineIndels,NM_007294.3,0.38,het
17:g.41245586CT>C,17,41245586,CT,C,H021-85K2UB,germlineIndels,NM_007294.3,0.61,het
17:g.41276044ACT>A,17,41276044,ACT,A,H021-UALN79,germlineIndels,NM_007294.3,0.64,het
17:g.41209079T>TG,17,41209079,T,TG,H021-DES7ZD,germlineIndels,NM_007294.3,0.46,het
17:g.41243512CT>C,17,41243512,CT,C,H021-AR6LUZ,germlineIndels,NM_007294.3,0.56,het
17:g.41246260C>CT,17,41246260,C,CT,H021-7C5W8J,germlineIndels,NM_007294.3,0.52,het
17:g.41197717TG>T,17,41197717,TG,T,H021-SJEUP3,indels,NM_007294.3,0.24,het
17:g.41276051GA>G,17,41276051,GA,G,H021-SJEUP3,indels,NM_007294.3,0.27,het
17:g.41223249GT>G,17,41223249,GT,G,H021-GHQ344,indels,NM_007294.3,0.4,het
17:g.41251891TTTCCTGC>T,17,41251891,TTTCCTGC,T,H021-W21J96,indels,NM_007294.3,0.6,het
17:g.41245586CT>C,17,41245586,CT,C,H021-U67T4B,indels,NM_007294.3,0.29,het
17:g.41209079T>TG,17,41209079,T,TG,H021-XD36J6,germlineIndels,NM_007294.3,0.71,hom
17:g.41209079T>TG,17,41209079,T,TG,H021-EXY55V,germlineIndels,NM_007294.3,0.61,het
17:g.41276044ACT>A,17,41276044,ACT,A,H021-BUXQRX,germlineIndels,NM_007294.3,0.76,hom
17:g.41223127CT>C,17,41223127,CT,C,H021-TBST6R,indels,NM_007294.3,0.59,het
17:g.41246701ATGAG>A,17,41246701,ATGAG,A,H021-Y1TJ1W,germlineIndels,NM_007294.3,0.71,hom
17:g.41243843GTTTAC>G,17,41243843,GTTTAC,G,H021-FGNBG1,germlineIndels,NM_007294.3,0.41,het
17:g.41247862C>T,17,41247862,C,T,H021-2WUY1M,snvs,NM_007294.3,0.24,het
17:g.41234419A>C,17,41234419,A,C,H021-WY4CHW,germlineSNVs,NM_007294.3,0.65,het
17:g.41215890C>T,17,41215890,C,T,H021-ZC4J4E,snvs,NM_007294.3,0.36,het
17:g.41201213T>C,17,41201213,T,C,H021-9EFFWH,snvs,NM_007294.3,0.26,het
17:g.41251791C>T,17,41251791,C,T,H021-JRJTPJ,snvs,NM_007294.3,0.08,het
17:g.41226347C>T,17,41226347,C,T,H021-4TN556,germlineSNVs,NM_007294.3,0.8,hom
17:g.41258494C>T,17,41258494,C,T,H021-A9V9HL,snvs,NM_007294.3,0.78,hom
